userId,text
69dfdb64-628c-4a17-9a96-105a5c100335,"Omnis quas eligendi tempora. Velit temporibus magnam sunt harum.
Ab natus impedit."
6a333c3d-2a22-4ed9-a68f-6f4cfe2aa702,"Architecto corporis eveniet corporis soluta nobis.
Sed nostrum qui eum ratione reiciendis quibusdam. Fuga minus culpa quas aliquid quasi."
78b2a827-c3d9-4f94-ac95-ac58b01c8cbe,Animi fugiat ipsum esse qui officiis aperiam ad. Rem esse amet cupiditate architecto. Quia natus harum nulla repellendus animi unde.
f2e525f1-5784-421c-8f45-3bf74a553f0b,"Enim facere quis ratione animi debitis. Neque sint laborum pariatur.
Quasi amet ab quaerat at dolore maiores. Voluptates nostrum nihil facere. Libero rem animi accusamus eligendi nulla."
3b50552d-0822-49de-82a8-68588f00502a,"এটি মুড়ি বারান্দা শয়তান। কে খোঁজ বাবা বাবুর্চি তামাক চাকরি ডেগচি ওজন।
নখ ডেঙ্গু এঁরা তুই। সে ইনি রেস্তোরাঁ কারও সাল তোকে খোদা সনদ। সনদ লণ্ঠন তামাক ওজন।"
723261fb-1171-4885-aa9e-40048e434b2d,"Minima alias sed et.
Dolor minima eos.
Vero minus perspiciatis est qui officia odit. Maxime nulla explicabo. Ullam incidunt dignissimos nobis eligendi iure."
9101e43a-1a62-4803-8029-a71e86380543,"পেয়ারা সুড়ঙ্গ দোকান দোকান কিছু পাদ্রি। খোকা আমরা কিছু বকশিশ বন্ধন জেল খালি।
স্বাগতম স্কুল ওগুলো ঝোল শয়তান। সালাদ বাক্স আয়ুর্বেদ পেরেক স্বাগতম গ্লাস।"
a117e34c-4dbc-4c1d-a7d5-be7e558da631,Sed maxime ut dolor cupiditate vel. Suscipit eius voluptates doloribus laborum earum aliquid. Esse error exercitationem delectus. Aut pariatur iusto voluptas voluptatem aut.
e76c650a-b582-439a-ad48-f1f1290d4986,"Error quod doloribus ab. Atque modi odio minima. Eius consequuntur porro dolores.
Sit quasi et velit nostrum officiis. Sequi voluptatibus assumenda placeat quas. Quos porro tenetur atque rerum."
